diagonal;height_left;height_right;margin_low;margin_up;length;id;Prédiction;Probabilité de faux;Probabilité de vrai
171.76;104.01;103.54;5.21;3.3;111.42;A_1;Faux billet;0.9180804129381533;0.08191958706184668
171.87;104.17;104.13;6.0;3.31;112.09;A_2;Faux billet;0.9866250443944401;0.013374955605559935
172.0;104.58;104.29;4.99;3.39;111.57;A_3;Faux billet;0.9937343334349483;0.006265666565051711
172.49;104.55;104.34;4.44;3.03;113.2;A_4;Vrai billet;9.478551463459883e-05;0.9999052144853654
171.65;103.63;103.56;3.77;3.16;113.33;A_5;Vrai billet;1.61976211709991e-06;0.9999983802378829
