Prédiction;Probabilité de faux;Probabilité de vrai;id
Faux billet;0.9180804129381533;0.08191958706184668;A_1
Faux billet;0.9866250443944401;0.013374955605559935;A_2
Faux billet;0.9937343334349483;0.006265666565051711;A_3
Vrai billet;9.478551463459883e-05;0.9999052144853654;A_4
Vrai billet;1.61976211709991e-06;0.9999983802378829;A_5
